1,44,user,users,44,login,"0",2013-12-27 05:02:31,1,"0",
2,44,user,photos,1,uploadAvatar,"0",2013-12-27 07:35:19,2,"0","{""id"":1,""uid"":44,""type"":""user"",""album_id"":1,""title"":""1.jpg"",""caption"":"""",""created"":""2013-12-27 07:35:19"",""assigned_date"":null,""ordering"":0,""featured"":null,""storage"":""joomla"",""state"":""-1"",""_uuid"":""52bd2db7571d1"",""_tbl_keys"":[""id""]}"
3,44,user,profiles,44,update,"0",2013-12-27 07:35:20,3,"0",
4,45,user,users,45,login,"0",2013-12-27 07:55:29,4,"0",
5,45,user,photos,2,uploadAvatar,"0",2013-12-27 07:59:45,5,"0","{""id"":2,""uid"":45,""type"":""user"",""album_id"":2,""title"":""4.jpg"",""caption"":"""",""created"":""2013-12-27 07:59:44"",""assigned_date"":null,""ordering"":0,""featured"":null,""storage"":""joomla"",""state"":""-1"",""_uuid"":""52bd3370b6a7e"",""_tbl_keys"":[""id""]}"
6,45,user,profiles,45,update,"0",2013-12-27 07:59:45,6,"0",
7,44,user,users,44,login,"0",2013-12-27 08:01:03,7,"0",
8,44,user,profiles,44,update,"0",2013-12-27 08:01:33,8,"0",
9,46,user,users,46,login,"0",2013-12-27 08:02:01,9,"0",
10,46,user,photos,3,uploadAvatar,"0",2013-12-27 08:05:17,10,"0","{""id"":3,""uid"":46,""type"":""user"",""album_id"":3,""title"":""5.jpg"",""caption"":"""",""created"":""2013-12-27 08:05:17"",""assigned_date"":null,""ordering"":0,""featured"":null,""storage"":""joomla"",""state"":""-1"",""_uuid"":""52bd34bd661e8"",""_tbl_keys"":[""id""]}"
11,46,user,profiles,46,update,"0",2013-12-27 08:05:18,11,"0",
12,46,user,users,46,login,"0",2013-12-27 08:39:26,12,"0",
13,46,user,users,46,login,"0",2013-12-27 08:40:43,13,"0",
14,45,user,users,45,login,"0",2013-12-27 08:48:12,14,"0",
15,44,user,users,44,login,"0",2013-12-27 08:49:02,15,"0",
16,43,user,users,43,login,"0",2013-12-27 08:52:15,16,"0",
17,43,user,photos,4,uploadAvatar,"0",2013-12-27 09:02:01,17,"0","{""id"":4,""uid"":43,""type"":""user"",""album_id"":4,""title"":""2.jpg"",""caption"":"""",""created"":""2013-12-27 09:02:01"",""assigned_date"":null,""ordering"":0,""featured"":null,""storage"":""joomla"",""state"":""-1"",""_uuid"":""52bd42094800d"",""_tbl_keys"":[""id""]}"
18,43,user,profiles,43,update,"0",2013-12-27 09:02:02,18,"0",
19,45,user,users,45,login,"0",2013-12-27 09:06:44,19,"0",
20,42,user,photos,5,uploadAvatar,"0",2013-12-27 09:13:31,20,"0","{""id"":5,""uid"":42,""type"":""user"",""album_id"":5,""title"":""3.jpg"",""caption"":"""",""created"":""2013-12-27 09:13:31"",""assigned_date"":null,""ordering"":0,""featured"":null,""storage"":""joomla"",""state"":""-1"",""_uuid"":""52bd44bb0b33b"",""_tbl_keys"":[""id""]}"
21,43,user,friends,2,add,45,2013-12-27 09:14:52,21,"0",
22,43,user,users,43,login,"0",2013-12-27 09:29:18,22,"0",
23,43,user,photos,6,add,6,2013-12-27 09:43:21,23,"0","{""id"":6,""uid"":""43"",""type"":""user"",""album_id"":""6"",""title"":""6486a34f77b719a5a0782a686a4ac864"",""caption"":"""",""created"":""2013-12-27 09:43:20"",""assigned_date"":""2013-12-27 09:43:20"",""ordering"":0,""featured"":null,""storage"":""joomla"",""state"":1,""_uuid"":""52bd4bb8d893f"",""_tbl_keys"":[""id""]}"
24,43,user,photos,7,add,6,2013-12-27 09:43:28,23,"0","{""id"":7,""uid"":""43"",""type"":""user"",""album_id"":""6"",""title"":""abe0cba033482dce1d207020aa272ce1"",""caption"":"""",""created"":""2013-12-27 09:43:28"",""assigned_date"":""2013-12-27 09:43:28"",""ordering"":0,""featured"":null,""storage"":""joomla"",""state"":1,""_uuid"":""52bd4bc0839af"",""_tbl_keys"":[""id""]}"
25,43,user,photos,8,add,6,2013-12-27 09:43:44,23,"0","{""id"":8,""uid"":""43"",""type"":""user"",""album_id"":""6"",""title"":""c32db4e363ab813bc5d783949f49c183"",""caption"":"""",""created"":""2013-12-27 09:43:43"",""assigned_date"":""2013-12-27 09:43:43"",""ordering"":0,""featured"":null,""storage"":""joomla"",""state"":1,""_uuid"":""52bd4bcfdfdfa"",""_tbl_keys"":[""id""]}"
26,43,user,photos,9,add,6,2013-12-27 09:43:52,23,"0","{""id"":9,""uid"":""43"",""type"":""user"",""album_id"":""6"",""title"":""f1c2b7cb00b940bbad059c5a267739eb"",""caption"":"""",""created"":""2013-12-27 09:43:52"",""assigned_date"":""2013-12-27 09:43:52"",""ordering"":0,""featured"":null,""storage"":""joomla"",""state"":1,""_uuid"":""52bd4bd802766"",""_tbl_keys"":[""id""]}"
27,43,user,photos,10,add,6,2013-12-27 09:45:26,23,"0","{""id"":10,""uid"":""43"",""type"":""user"",""album_id"":""6"",""title"":""7eb6c2c25a8b305c9b9c1ace59508e8e"",""caption"":"""",""created"":""2013-12-27 09:45:25"",""assigned_date"":""2013-12-27 09:45:25"",""ordering"":0,""featured"":null,""storage"":""joomla"",""state"":1,""_uuid"":""52bd4c35d263a"",""_tbl_keys"":[""id""]}"
28,43,user,photos,11,add,6,2013-12-27 09:45:32,23,"0","{""id"":11,""uid"":""43"",""type"":""user"",""album_id"":""6"",""title"":""255b21390811015a8af03cc0d8f17b9c"",""caption"":"""",""created"":""2013-12-27 09:45:31"",""assigned_date"":""2013-12-27 09:45:31"",""ordering"":0,""featured"":null,""storage"":""joomla"",""state"":1,""_uuid"":""52bd4c3b6221e"",""_tbl_keys"":[""id""]}"
29,43,user,photos,12,add,6,2013-12-27 09:45:35,23,"0","{""id"":12,""uid"":""43"",""type"":""user"",""album_id"":""6"",""title"":""a9fd39b37d6d9c48f2accd05eaebd1f1"",""caption"":"""",""created"":""2013-12-27 09:45:34"",""assigned_date"":""2013-12-27 09:45:34"",""ordering"":0,""featured"":null,""storage"":""joomla"",""state"":1,""_uuid"":""52bd4c3eb486e"",""_tbl_keys"":[""id""]}"
30,43,user,photos,13,add,6,2013-12-27 09:45:39,23,"0","{""id"":13,""uid"":""43"",""type"":""user"",""album_id"":""6"",""title"":""b13839b40ad1aa8f6da0758d25f58f17"",""caption"":"""",""created"":""2013-12-27 09:45:38"",""assigned_date"":""2013-12-27 09:45:38"",""ordering"":0,""featured"":null,""storage"":""joomla"",""state"":1,""_uuid"":""52bd4c42a4263"",""_tbl_keys"":[""id""]}"
31,42,user,links,"0",create,"0",2013-12-27 09:53:46,24,"0",
32,42,user,photos,14,add,7,2013-12-27 09:55:35,25,"0","{""id"":""14"",""uid"":""42"",""type"":""user"",""album_id"":""7"",""title"":""1d30392eab388246aa44f5019621ad99"",""caption"":"""",""created"":""2013-12-27 09:55:14"",""assigned_date"":""2013-12-27 00:00:00"",""ordering"":""6"",""featured"":""0"",""storage"":""joomla"",""state"":""1"",""_uuid"":""52bd4e9746c06"",""_tbl_keys"":[""id""]}"
33,42,user,photos,15,add,7,2013-12-27 09:55:35,25,"0","{""id"":""15"",""uid"":""42"",""type"":""user"",""album_id"":""7"",""title"":""30b78b1543731da87b36c0545ccbfc94"",""caption"":"""",""created"":""2013-12-27 09:55:16"",""assigned_date"":""2013-12-27 00:00:00"",""ordering"":""5"",""featured"":""0"",""storage"":""joomla"",""state"":""1"",""_uuid"":""52bd4e9758b69"",""_tbl_keys"":[""id""]}"
34,42,user,photos,16,add,7,2013-12-27 09:55:35,25,"0","{""id"":""16"",""uid"":""42"",""type"":""user"",""album_id"":""7"",""title"":""64e8bb3e76a1627f72854a19fb02741a"",""caption"":"""",""created"":""2013-12-27 09:55:20"",""assigned_date"":""2013-12-27 00:00:00"",""ordering"":""4"",""featured"":""0"",""storage"":""joomla"",""state"":""1"",""_uuid"":""52bd4e9759e34"",""_tbl_keys"":[""id""]}"
35,42,user,photos,17,add,7,2013-12-27 09:55:35,25,"0","{""id"":""17"",""uid"":""42"",""type"":""user"",""album_id"":""7"",""title"":""316fb02cd9532560244931893469f373"",""caption"":"""",""created"":""2013-12-27 09:55:22"",""assigned_date"":""2013-12-27 00:00:00"",""ordering"":""3"",""featured"":""0"",""storage"":""joomla"",""state"":""1"",""_uuid"":""52bd4e975aea1"",""_tbl_keys"":[""id""]}"
36,42,user,photos,18,add,7,2013-12-27 09:55:35,25,"0","{""id"":""18"",""uid"":""42"",""type"":""user"",""album_id"":""7"",""title"":""309100429eb048b7270de994a3f75a8a"",""caption"":"""",""created"":""2013-12-27 09:55:24"",""assigned_date"":""2013-12-27 00:00:00"",""ordering"":""2"",""featured"":""0"",""storage"":""joomla"",""state"":""1"",""_uuid"":""52bd4e975bf79"",""_tbl_keys"":[""id""]}"
37,42,user,photos,19,add,7,2013-12-27 09:55:35,25,"0","{""id"":""19"",""uid"":""42"",""type"":""user"",""album_id"":""7"",""title"":""a50bf861d141fd410e72ede0f99de3a1"",""caption"":"""",""created"":""2013-12-27 09:55:27"",""assigned_date"":""2013-12-27 00:00:00"",""ordering"":""1"",""featured"":""0"",""storage"":""joomla"",""state"":""1"",""_uuid"":""52bd4e975d166"",""_tbl_keys"":[""id""]}"
38,42,user,photos,20,add,7,2013-12-27 09:55:35,25,"0","{""id"":""20"",""uid"":""42"",""type"":""user"",""album_id"":""7"",""title"":""e9d389d481a6bb85b9ef85dbbf6e6233"",""caption"":"""",""created"":""2013-12-27 09:55:29"",""assigned_date"":""2013-12-27 00:00:00"",""ordering"":""0"",""featured"":""0"",""storage"":""joomla"",""state"":""1"",""_uuid"":""52bd4e975e1c4"",""_tbl_keys"":[""id""]}"
39,42,user,photos,14,add,7,2013-12-27 09:55:36,25,"0","{""id"":""14"",""uid"":""42"",""type"":""user"",""album_id"":""7"",""title"":""1d30392eab388246aa44f5019621ad99"",""caption"":"""",""created"":""2013-12-27 09:55:14"",""assigned_date"":""2013-12-27 00:00:00"",""ordering"":""6"",""featured"":""0"",""storage"":""joomla"",""state"":""1"",""_uuid"":""52bd4e98cbbce"",""_tbl_keys"":[""id""]}"
40,42,user,photos,15,add,7,2013-12-27 09:55:36,25,"0","{""id"":""15"",""uid"":""42"",""type"":""user"",""album_id"":""7"",""title"":""30b78b1543731da87b36c0545ccbfc94"",""caption"":"""",""created"":""2013-12-27 09:55:16"",""assigned_date"":""2013-12-27 00:00:00"",""ordering"":""5"",""featured"":""0"",""storage"":""joomla"",""state"":""1"",""_uuid"":""52bd4e98d0ed5"",""_tbl_keys"":[""id""]}"
41,42,user,photos,16,add,7,2013-12-27 09:55:36,25,"0","{""id"":""16"",""uid"":""42"",""type"":""user"",""album_id"":""7"",""title"":""64e8bb3e76a1627f72854a19fb02741a"",""caption"":"""",""created"":""2013-12-27 09:55:20"",""assigned_date"":""2013-12-27 00:00:00"",""ordering"":""4"",""featured"":""0"",""storage"":""joomla"",""state"":""1"",""_uuid"":""52bd4e98e0de4"",""_tbl_keys"":[""id""]}"
42,42,user,photos,17,add,7,2013-12-27 09:55:36,25,"0","{""id"":""17"",""uid"":""42"",""type"":""user"",""album_id"":""7"",""title"":""316fb02cd9532560244931893469f373"",""caption"":"""",""created"":""2013-12-27 09:55:22"",""assigned_date"":""2013-12-27 00:00:00"",""ordering"":""3"",""featured"":""0"",""storage"":""joomla"",""state"":""1"",""_uuid"":""52bd4e98e2065"",""_tbl_keys"":[""id""]}"
43,42,user,photos,18,add,7,2013-12-27 09:55:36,25,"0","{""id"":""18"",""uid"":""42"",""type"":""user"",""album_id"":""7"",""title"":""309100429eb048b7270de994a3f75a8a"",""caption"":"""",""created"":""2013-12-27 09:55:24"",""assigned_date"":""2013-12-27 00:00:00"",""ordering"":""2"",""featured"":""0"",""storage"":""joomla"",""state"":""1"",""_uuid"":""52bd4e98e30c7"",""_tbl_keys"":[""id""]}"
44,42,user,photos,19,add,7,2013-12-27 09:55:36,25,"0","{""id"":""19"",""uid"":""42"",""type"":""user"",""album_id"":""7"",""title"":""a50bf861d141fd410e72ede0f99de3a1"",""caption"":"""",""created"":""2013-12-27 09:55:27"",""assigned_date"":""2013-12-27 00:00:00"",""ordering"":""1"",""featured"":""0"",""storage"":""joomla"",""state"":""1"",""_uuid"":""52bd4e98e4104"",""_tbl_keys"":[""id""]}"
45,42,user,photos,20,add,7,2013-12-27 09:55:36,25,"0","{""id"":""20"",""uid"":""42"",""type"":""user"",""album_id"":""7"",""title"":""e9d389d481a6bb85b9ef85dbbf6e6233"",""caption"":"""",""created"":""2013-12-27 09:55:29"",""assigned_date"":""2013-12-27 00:00:00"",""ordering"":""0"",""featured"":""0"",""storage"":""joomla"",""state"":""1"",""_uuid"":""52bd4e98e5100"",""_tbl_keys"":[""id""]}"
46,42,user,photos,14,add,7,2013-12-27 09:55:38,25,"0","{""id"":""14"",""uid"":""42"",""type"":""user"",""album_id"":""7"",""title"":""1d30392eab388246aa44f5019621ad99"",""caption"":"""",""created"":""2013-12-27 09:55:14"",""assigned_date"":""2013-12-27 00:00:00"",""ordering"":""6"",""featured"":""0"",""storage"":""joomla"",""state"":""1"",""_uuid"":""52bd4e9a5b20d"",""_tbl_keys"":[""id""]}"
47,42,user,photos,15,add,7,2013-12-27 09:55:38,25,"0","{""id"":""15"",""uid"":""42"",""type"":""user"",""album_id"":""7"",""title"":""30b78b1543731da87b36c0545ccbfc94"",""caption"":"""",""created"":""2013-12-27 09:55:16"",""assigned_date"":""2013-12-27 00:00:00"",""ordering"":""5"",""featured"":""0"",""storage"":""joomla"",""state"":""1"",""_uuid"":""52bd4e9a759df"",""_tbl_keys"":[""id""]}"
48,42,user,photos,16,add,7,2013-12-27 09:55:38,25,"0","{""id"":""16"",""uid"":""42"",""type"":""user"",""album_id"":""7"",""title"":""64e8bb3e76a1627f72854a19fb02741a"",""caption"":"""",""created"":""2013-12-27 09:55:20"",""assigned_date"":""2013-12-27 00:00:00"",""ordering"":""4"",""featured"":""0"",""storage"":""joomla"",""state"":""1"",""_uuid"":""52bd4e9a785ff"",""_tbl_keys"":[""id""]}"
49,42,user,photos,17,add,7,2013-12-27 09:55:38,25,"0","{""id"":""17"",""uid"":""42"",""type"":""user"",""album_id"":""7"",""title"":""316fb02cd9532560244931893469f373"",""caption"":"""",""created"":""2013-12-27 09:55:22"",""assigned_date"":""2013-12-27 00:00:00"",""ordering"":""3"",""featured"":""0"",""storage"":""joomla"",""state"":""1"",""_uuid"":""52bd4e9a7a54c"",""_tbl_keys"":[""id""]}"
50,42,user,photos,18,add,7,2013-12-27 09:55:38,25,"0","{""id"":""18"",""uid"":""42"",""type"":""user"",""album_id"":""7"",""title"":""309100429eb048b7270de994a3f75a8a"",""caption"":"""",""created"":""2013-12-27 09:55:24"",""assigned_date"":""2013-12-27 00:00:00"",""ordering"":""2"",""featured"":""0"",""storage"":""joomla"",""state"":""1"",""_uuid"":""52bd4e9a7bd25"",""_tbl_keys"":[""id""]}"
51,42,user,photos,19,add,7,2013-12-27 09:55:38,25,"0","{""id"":""19"",""uid"":""42"",""type"":""user"",""album_id"":""7"",""title"":""a50bf861d141fd410e72ede0f99de3a1"",""caption"":"""",""created"":""2013-12-27 09:55:27"",""assigned_date"":""2013-12-27 00:00:00"",""ordering"":""1"",""featured"":""0"",""storage"":""joomla"",""state"":""1"",""_uuid"":""52bd4e9a7dd92"",""_tbl_keys"":[""id""]}"
52,42,user,photos,20,add,7,2013-12-27 09:55:38,25,"0","{""id"":""20"",""uid"":""42"",""type"":""user"",""album_id"":""7"",""title"":""e9d389d481a6bb85b9ef85dbbf6e6233"",""caption"":"""",""created"":""2013-12-27 09:55:29"",""assigned_date"":""2013-12-27 00:00:00"",""ordering"":""0"",""featured"":""0"",""storage"":""joomla"",""state"":""1"",""_uuid"":""52bd4e9a7f8e1"",""_tbl_keys"":[""id""]}"
53,42,user,story,"0",create,44,2013-12-27 09:56:53,26,"0",
54,42,user,followers,1,follow,"0",2013-12-27 09:58:46,27,"0",
55,44,user,users,44,login,"0",2013-12-27 09:59:12,28,"0",
56,43,user,friends,1,add,44,2013-12-27 09:59:22,29,"0",
57,42,user,friends,4,add,44,2013-12-27 09:59:24,30,"0",
58,44,user,followers,2,follow,"0",2013-12-27 10:00:26,31,"0",
59,44,user,profiles,44,update,"0",2013-12-27 10:01:33,32,"0",
60,44,user,followers,3,follow,"0",2013-12-27 10:16:04,33,"0",
61,44,user,story,"0",create,45,2013-12-27 10:16:55,34,"0",
62,46,user,users,46,login,"0",2013-12-27 10:20:53,35,"0",
63,46,user,apps,2,install,"0",2013-12-27 10:30:49,36,"0",
64,46,user,photos,31,add,10,2013-12-27 10:34:27,37,"0","{""id"":""31"",""uid"":""46"",""type"":""user"",""album_id"":""10"",""title"":""0d846256fd71ed41e3b38374823ebce1"",""caption"":"""",""created"":""2013-12-27 10:34:01"",""assigned_date"":""2013-12-27 00:00:00"",""ordering"":""10"",""featured"":""0"",""storage"":""joomla"",""state"":""1"",""_uuid"":""52bd57b358383"",""_tbl_keys"":[""id""]}"
65,46,user,photos,32,add,10,2013-12-27 10:34:27,37,"0","{""id"":""32"",""uid"":""46"",""type"":""user"",""album_id"":""10"",""title"":""1a57a56f16396ded4c4e45ab3035596d"",""caption"":"""",""created"":""2013-12-27 10:34:03"",""assigned_date"":""2013-12-27 00:00:00"",""ordering"":""9"",""featured"":""0"",""storage"":""joomla"",""state"":""1"",""_uuid"":""52bd57b35b2b8"",""_tbl_keys"":[""id""]}"
66,46,user,photos,33,add,10,2013-12-27 10:34:27,37,"0","{""id"":""33"",""uid"":""46"",""type"":""user"",""album_id"":""10"",""title"":""9ea689d091a21c52a85c9b79ad78188c"",""caption"":"""",""created"":""2013-12-27 10:34:05"",""assigned_date"":""2013-12-27 00:00:00"",""ordering"":""8"",""featured"":""0"",""storage"":""joomla"",""state"":""1"",""_uuid"":""52bd57b35c4be"",""_tbl_keys"":[""id""]}"
67,46,user,photos,34,add,10,2013-12-27 10:34:27,37,"0","{""id"":""34"",""uid"":""46"",""type"":""user"",""album_id"":""10"",""title"":""41d915de769be0e4e208c674a0d18ee0"",""caption"":"""",""created"":""2013-12-27 10:34:07"",""assigned_date"":""2013-12-27 00:00:00"",""ordering"":""7"",""featured"":""0"",""storage"":""joomla"",""state"":""1"",""_uuid"":""52bd57b35d4fb"",""_tbl_keys"":[""id""]}"
68,46,user,photos,35,add,10,2013-12-27 10:34:27,37,"0","{""id"":""35"",""uid"":""46"",""type"":""user"",""album_id"":""10"",""title"":""3818ecb134e8e099b9852b7cb68854ae"",""caption"":"""",""created"":""2013-12-27 10:34:09"",""assigned_date"":""2013-12-27 00:00:00"",""ordering"":""6"",""featured"":""0"",""storage"":""joomla"",""state"":""1"",""_uuid"":""52bd57b35e510"",""_tbl_keys"":[""id""]}"
69,46,user,photos,36,add,10,2013-12-27 10:34:27,37,"0","{""id"":""36"",""uid"":""46"",""type"":""user"",""album_id"":""10"",""title"":""2257189b695e73e10f2c651343842cc6"",""caption"":"""",""created"":""2013-12-27 10:34:12"",""assigned_date"":""2013-12-27 00:00:00"",""ordering"":""5"",""featured"":""0"",""storage"":""joomla"",""state"":""1"",""_uuid"":""52bd57b35f507"",""_tbl_keys"":[""id""]}"
70,46,user,photos,37,add,10,2013-12-27 10:34:27,37,"0","{""id"":""37"",""uid"":""46"",""type"":""user"",""album_id"":""10"",""title"":""af422e3cc947373707141f2273431eef"",""caption"":"""",""created"":""2013-12-27 10:34:14"",""assigned_date"":""2013-12-27 00:00:00"",""ordering"":""4"",""featured"":""0"",""storage"":""joomla"",""state"":""1"",""_uuid"":""52bd57b3604fc"",""_tbl_keys"":[""id""]}"
71,46,user,photos,38,add,10,2013-12-27 10:34:27,37,"0","{""id"":""38"",""uid"":""46"",""type"":""user"",""album_id"":""10"",""title"":""c3d2cde3b24bd09efd01328db5092dcc"",""caption"":"""",""created"":""2013-12-27 10:34:16"",""assigned_date"":""2013-12-27 00:00:00"",""ordering"":""3"",""featured"":""0"",""storage"":""joomla"",""state"":""1"",""_uuid"":""52bd57b3614fa"",""_tbl_keys"":[""id""]}"
72,46,user,photos,39,add,10,2013-12-27 10:34:27,37,"0","{""id"":""39"",""uid"":""46"",""type"":""user"",""album_id"":""10"",""title"":""c45827dd209a461e16abed69355f6de8"",""caption"":"""",""created"":""2013-12-27 10:34:18"",""assigned_date"":""2013-12-27 00:00:00"",""ordering"":""2"",""featured"":""0"",""storage"":""joomla"",""state"":""1"",""_uuid"":""52bd57b362507"",""_tbl_keys"":[""id""]}"
73,46,user,photos,40,add,10,2013-12-27 10:34:27,37,"0","{""id"":""40"",""uid"":""46"",""type"":""user"",""album_id"":""10"",""title"":""d21c1ddf0ec353076366af043bddc523"",""caption"":"""",""created"":""2013-12-27 10:34:20"",""assigned_date"":""2013-12-27 00:00:00"",""ordering"":""1"",""featured"":""0"",""storage"":""joomla"",""state"":""1"",""_uuid"":""52bd57b36351b"",""_tbl_keys"":[""id""]}"
74,46,user,photos,41,add,10,2013-12-27 10:34:27,37,"0","{""id"":""41"",""uid"":""46"",""type"":""user"",""album_id"":""10"",""title"":""f73dd5b6812a7b0128e0e629b1b92542"",""caption"":"""",""created"":""2013-12-27 10:34:22"",""assigned_date"":""2013-12-27 00:00:00"",""ordering"":""0"",""featured"":""0"",""storage"":""joomla"",""state"":""1"",""_uuid"":""52bd57b364510"",""_tbl_keys"":[""id""]}"
75,46,user,followers,4,follow,"0",2013-12-27 10:36:07,38,"0",
76,46,user,profiles,46,update,"0",2013-12-27 10:36:44,39,"0",
77,43,user,friends,3,add,46,2013-12-27 10:37:36,40,"0",
78,43,user,users,43,login,"0",2013-12-27 10:41:17,41,"0",
79,45,user,users,45,login,"0",2013-12-27 10:45:01,42,"0",
80,45,user,profiles,45,update,"0",2013-12-27 10:45:39,43,"0",
81,43,user,users,43,login,"0",2013-12-27 10:47:19,44,"0",
82,43,user,profiles,43,update,"0",2013-12-27 10:48:03,45,"0",
83,43,user,users,43,login,"0",2013-12-30 03:50:03,46,"0",
84,43,user,discuss,3,create,"0",2013-12-30 09:25:18,47,"0","{""id"":3,""title"":""Create a Photoshop action"",""modified"":""2013-12-30 09:25:17"",""created"":""2013-12-30 09:25:17"",""replied"":""2013-12-30 09:25:17"",""alias"":""create-a-photoshop-action"",""content"":""How can I create an action in Photoshop?"",""published"":1,""ordering"":null,""vote"":null,""islock"":null,""featured"":null,""isresolve"":null,""hits"":null,""user_id"":""43"",""category_id"":""4"",""parent_id"":null,""user_type"":""member"",""poster_name"":null,""poster_email"":null,""num_likes"":0,""num_negvote"":0,""sum_totalvote"":0,""params"":"""",""answered"":null,""password"":"""",""legacy"":""0"",""address"":"""",""latitude"":"""",""longitude"":"""",""content_type"":""bbcode"",""post_status"":null,""post_type"":""task"",""ip"":""118.70.131.15"",""lockdate"":null,""isreport"":null,""_contentName"":""content"",""cat"":{""id"":""4"",""created_by"":""43"",""title"":""Design"",""alias"":""design"",""avatar"":null,""parent_id"":""0"",""private"":""2"",""created"":""2013-12-30 03:47:41"",""status"":""0"",""published"":""1"",""ordering"":""0"",""description"":"""",""params"":""{\""show_description\"":\""1\"",\""maxlength\"":\""0\"",\""maxlength_size\"":\""1000\"",\""cat_notify_custom\"":\""\"",\""cat_email_parser\"":\""\"",\""cat_email_parser_password\"":\""\"",\""cat_email_parser_switch\"":\""0\""}"",""container"":""0"",""level"":null,""lft"":""7"",""rgt"":""8"",""checked_out"":null,""default"":""0""}}"
85,42,user,users,42,login,"0",2013-12-30 09:39:02,48,"0",
86,45,user,users,45,login,"0",2013-12-30 09:40:36,49,"0",
87,44,user,users,44,login,"0",2013-12-30 09:54:14,50,"0",
88,46,user,users,46,login,"0",2013-12-30 10:01:41,51,"0",
89,46,user,discuss,4,reply,"0",2013-12-30 10:12:03,52,"0","{""post"":{""id"":""4"",""title"":""Re: Create a Photoshop action"",""modified"":""2013-12-30 10:12:02"",""created"":""2013-12-30 10:12:02"",""replied"":""2013-12-30 10:12:02"",""alias"":""re-create-a-photoshop-action"",""content"":""Lorem ipsum dolor sit amet, consectetur adipiscing elit. Quisque vulputate placerat arcu a facilisis. Ut ligula augue, eleifend sed nibh et, ullamcorper pellentesque quam. Fusce bibendum dapibus magna, ac tincidunt est auctor quis. Nunc a porta nisi, quis euismod justo :)"",""published"":""1"",""ordering"":""0"",""vote"":""0"",""islock"":""0"",""featured"":""0"",""isresolve"":""0"",""hits"":""0"",""user_id"":""46"",""category_id"":""4"",""parent_id"":""3"",""user_type"":""member"",""poster_name"":"""",""poster_email"":"""",""num_likes"":""0"",""num_negvote"":""0"",""sum_totalvote"":""0"",""params"":"""",""answered"":""0"",""password"":"""",""legacy"":""0"",""address"":"""",""latitude"":"""",""longitude"":"""",""content_type"":""bbcode"",""post_status"":""0"",""post_type"":""0"",""ip"":""118.70.131.15"",""lockdate"":""0000-00-00 00:00:00"",""isreport"":""0""},""question"":{""id"":""3"",""title"":""Create a Photoshop action"",""modified"":""2013-12-30 09:25:17"",""created"":""2013-12-30 09:25:17"",""replied"":""2013-12-30 09:25:17"",""alias"":""create-a-photoshop-action"",""content"":""How can I create an action in Photoshop?"",""published"":""1"",""ordering"":""0"",""vote"":""0"",""islock"":""0"",""featured"":""0"",""isresolve"":""0"",""hits"":""2"",""user_id"":""43"",""category_id"":""4"",""parent_id"":""0"",""user_type"":""member"",""poster_name"":"""",""poster_email"":"""",""num_likes"":""0"",""num_negvote"":""0"",""sum_totalvote"":""0"",""params"":"""",""answered"":""0"",""password"":"""",""legacy"":""0"",""address"":"""",""latitude"":"""",""longitude"":"""",""content_type"":""bbcode"",""post_status"":""0"",""post_type"":""task"",""ip"":""118.70.131.15"",""lockdate"":""0000-00-00 00:00:00"",""isreport"":""0""}}"
90,46,user,discuss,3,likes,"0",2013-12-30 10:12:28,53,"0","{""post"":{""id"":""3"",""title"":""Create a Photoshop action"",""modified"":""2013-12-30 09:25:17"",""created"":""2013-12-30 09:25:17"",""replied"":""2013-12-30 10:12:02"",""alias"":""create-a-photoshop-action"",""content"":""How can I create an action in Photoshop?"",""published"":""1"",""ordering"":""0"",""vote"":""0"",""islock"":""0"",""featured"":""0"",""isresolve"":""0"",""hits"":""2"",""user_id"":""43"",""category_id"":""4"",""parent_id"":""0"",""user_type"":""member"",""poster_name"":"""",""poster_email"":"""",""num_likes"":""0"",""num_negvote"":""0"",""sum_totalvote"":""0"",""params"":"""",""answered"":""0"",""password"":"""",""legacy"":""0"",""address"":"""",""latitude"":"""",""longitude"":"""",""content_type"":""bbcode"",""post_status"":""0"",""post_type"":""task"",""ip"":""118.70.131.15"",""lockdate"":""0000-00-00 00:00:00"",""isreport"":""0""},""question"":{""id"":""3"",""title"":""Create a Photoshop action"",""modified"":""2013-12-30 09:25:17"",""created"":""2013-12-30 09:25:17"",""replied"":""2013-12-30 10:12:02"",""alias"":""create-a-photoshop-action"",""content"":""How can I create an action in Photoshop?"",""published"":""1"",""ordering"":""0"",""vote"":""0"",""islock"":""0"",""featured"":""0"",""isresolve"":""0"",""hits"":""2"",""user_id"":""43"",""category_id"":""4"",""parent_id"":""0"",""user_type"":""member"",""poster_name"":"""",""poster_email"":"""",""num_likes"":""0"",""num_negvote"":""0"",""sum_totalvote"":""0"",""params"":"""",""answered"":""0"",""password"":"""",""legacy"":""0"",""address"":"""",""latitude"":"""",""longitude"":"""",""content_type"":""bbcode"",""post_status"":""0"",""post_type"":""task"",""ip"":""118.70.131.15"",""lockdate"":""0000-00-00 00:00:00"",""isreport"":""0""}}"
91,46,user,discuss,3,vote,"0",2013-12-30 10:12:36,54,"0","{""id"":""3"",""title"":""Create a Photoshop action"",""modified"":""2013-12-30 09:25:17"",""created"":""2013-12-30 09:25:17"",""replied"":""2013-12-30 10:12:02"",""alias"":""create-a-photoshop-action"",""content"":""How can I create an action in Photoshop?"",""published"":""1"",""ordering"":""0"",""vote"":""0"",""islock"":""0"",""featured"":""0"",""isresolve"":""0"",""hits"":""2"",""user_id"":""43"",""category_id"":""4"",""parent_id"":""0"",""user_type"":""member"",""poster_name"":"""",""poster_email"":"""",""num_likes"":""1"",""num_negvote"":""0"",""sum_totalvote"":""0"",""params"":"""",""answered"":""0"",""password"":"""",""legacy"":""0"",""address"":"""",""latitude"":"""",""longitude"":"""",""content_type"":""bbcode"",""post_status"":""0"",""post_type"":""task"",""ip"":""118.70.131.15"",""lockdate"":""0000-00-00 00:00:00"",""isreport"":""0""}"
92,45,user,users,45,login,"0",2013-12-30 10:22:45,55,"0",
93,45,user,discuss,3,vote,"0",2013-12-30 10:26:52,56,"0","{""id"":""3"",""title"":""Create a Photoshop action"",""modified"":""2013-12-30 10:23:43"",""created"":""2013-12-30 09:25:17"",""replied"":""2013-12-30 10:12:02"",""alias"":""create-a-photoshop-action"",""content"":""How can I create an action in Photoshop?"",""published"":""1"",""ordering"":""0"",""vote"":""0"",""islock"":""0"",""featured"":""1"",""isresolve"":""0"",""hits"":""3"",""user_id"":""43"",""category_id"":""4"",""parent_id"":""0"",""user_type"":""member"",""poster_name"":"""",""poster_email"":"""",""num_likes"":""1"",""num_negvote"":""0"",""sum_totalvote"":""1"",""params"":"""",""answered"":""0"",""password"":"""",""legacy"":""0"",""address"":"""",""latitude"":"""",""longitude"":"""",""content_type"":""bbcode"",""post_status"":""0"",""post_type"":""task"",""ip"":""118.70.131.15"",""lockdate"":""0000-00-00 00:00:00"",""isreport"":""0""}"
94,45,user,discuss,4,vote,"0",2013-12-30 10:26:57,57,"0","{""id"":""4"",""title"":""Re: Create a Photoshop action"",""modified"":""2013-12-30 10:12:02"",""created"":""2013-12-30 10:12:02"",""replied"":""2013-12-30 10:12:02"",""alias"":""re-create-a-photoshop-action"",""content"":""Lorem ipsum dolor sit amet, consectetur adipiscing elit. Quisque vulputate placerat arcu a facilisis. Ut ligula augue, eleifend sed nibh et, ullamcorper pellentesque quam. Fusce bibendum dapibus magna, ac tincidunt est auctor quis. Nunc a porta nisi, quis euismod justo :)"",""published"":""1"",""ordering"":""0"",""vote"":""0"",""islock"":""0"",""featured"":""0"",""isresolve"":""0"",""hits"":""0"",""user_id"":""46"",""category_id"":""4"",""parent_id"":""3"",""user_type"":""member"",""poster_name"":"""",""poster_email"":"""",""num_likes"":""0"",""num_negvote"":""0"",""sum_totalvote"":""0"",""params"":"""",""answered"":""0"",""password"":"""",""legacy"":""0"",""address"":"""",""latitude"":"""",""longitude"":"""",""content_type"":""bbcode"",""post_status"":""0"",""post_type"":""0"",""ip"":""118.70.131.15"",""lockdate"":""0000-00-00 00:00:00"",""isreport"":""0""}"
95,45,user,discuss,3,likes,"0",2013-12-30 10:27:00,58,"0","{""post"":{""id"":""3"",""title"":""Create a Photoshop action"",""modified"":""2013-12-30 10:23:43"",""created"":""2013-12-30 09:25:17"",""replied"":""2013-12-30 10:12:02"",""alias"":""create-a-photoshop-action"",""content"":""How can I create an action in Photoshop?"",""published"":""1"",""ordering"":""0"",""vote"":""0"",""islock"":""0"",""featured"":""1"",""isresolve"":""0"",""hits"":""3"",""user_id"":""43"",""category_id"":""4"",""parent_id"":""0"",""user_type"":""member"",""poster_name"":"""",""poster_email"":"""",""num_likes"":""1"",""num_negvote"":""0"",""sum_totalvote"":""2"",""params"":"""",""answered"":""0"",""password"":"""",""legacy"":""0"",""address"":"""",""latitude"":"""",""longitude"":"""",""content_type"":""bbcode"",""post_status"":""0"",""post_type"":""task"",""ip"":""118.70.131.15"",""lockdate"":""0000-00-00 00:00:00"",""isreport"":""0""},""question"":{""id"":""3"",""title"":""Create a Photoshop action"",""modified"":""2013-12-30 10:23:43"",""created"":""2013-12-30 09:25:17"",""replied"":""2013-12-30 10:12:02"",""alias"":""create-a-photoshop-action"",""content"":""How can I create an action in Photoshop?"",""published"":""1"",""ordering"":""0"",""vote"":""0"",""islock"":""0"",""featured"":""1"",""isresolve"":""0"",""hits"":""3"",""user_id"":""43"",""category_id"":""4"",""parent_id"":""0"",""user_type"":""member"",""poster_name"":"""",""poster_email"":"""",""num_likes"":""1"",""num_negvote"":""0"",""sum_totalvote"":""2"",""params"":"""",""answered"":""0"",""password"":"""",""legacy"":""0"",""address"":"""",""latitude"":"""",""longitude"":"""",""content_type"":""bbcode"",""post_status"":""0"",""post_type"":""task"",""ip"":""118.70.131.15"",""lockdate"":""0000-00-00 00:00:00"",""isreport"":""0""}}"
96,45,user,discuss,5,reply,"0",2013-12-30 10:28:35,59,"0","{""post"":{""id"":""5"",""title"":""Re: Create a Photoshop action"",""modified"":""2013-12-30 10:28:34"",""created"":""2013-12-30 10:28:34"",""replied"":""2013-12-30 10:28:34"",""alias"":""re-create-a-photoshop-action-1"",""content"":""[quote][b]Johny Mastermind wrote:[\/b]\r\n\r\nLorem ipsum dolor sit amet, consectetur adipiscing elit. Quisque vulputate placerat arcu a facilisis. Ut ligula augue, eleifend sed nibh et, ullamcorper pellentesque quam. Fusce bibendum dapibus magna, ac tincidunt est auctor quis. Nunc a porta nisi, quis euismod justo :)[\/quote]\r\n\r\nAliquam vitae odio metus. Maecenas ut feugiat mi. Quisque elementum facilisis enim non ullamcorper. Nullam vel convallis nulla. Proin in pharetra lacus. Integer sollicitudin, dolor at dapibus lobortis, libero turpis suscipit velit, in pulvinar dui libero pharetra quam."",""published"":""1"",""ordering"":""0"",""vote"":""0"",""islock"":""0"",""featured"":""0"",""isresolve"":""0"",""hits"":""0"",""user_id"":""45"",""category_id"":""4"",""parent_id"":""3"",""user_type"":""member"",""poster_name"":"""",""poster_email"":"""",""num_likes"":""0"",""num_negvote"":""0"",""sum_totalvote"":""0"",""params"":"""",""answered"":""0"",""password"":"""",""legacy"":""0"",""address"":"""",""latitude"":"""",""longitude"":"""",""content_type"":""bbcode"",""post_status"":""0"",""post_type"":""0"",""ip"":""118.70.131.15"",""lockdate"":""0000-00-00 00:00:00"",""isreport"":""0""},""question"":{""id"":""3"",""title"":""Create a Photoshop action"",""modified"":""2013-12-30 10:23:43"",""created"":""2013-12-30 09:25:17"",""replied"":""2013-12-30 10:12:02"",""alias"":""create-a-photoshop-action"",""content"":""How can I create an action in Photoshop?"",""published"":""1"",""ordering"":""0"",""vote"":""0"",""islock"":""0"",""featured"":""1"",""isresolve"":""0"",""hits"":""3"",""user_id"":""43"",""category_id"":""4"",""parent_id"":""0"",""user_type"":""member"",""poster_name"":"""",""poster_email"":"""",""num_likes"":""2"",""num_negvote"":""0"",""sum_totalvote"":""2"",""params"":"""",""answered"":""0"",""password"":"""",""legacy"":""0"",""address"":"""",""latitude"":"""",""longitude"":"""",""content_type"":""bbcode"",""post_status"":""0"",""post_type"":""task"",""ip"":""118.70.131.15"",""lockdate"":""0000-00-00 00:00:00"",""isreport"":""0""}}"
97,45,user,discuss,6,create,"0",2013-12-30 10:34:31,60,"0","{""id"":6,""title"":""Which smart phone do you like the most?"",""modified"":""2013-12-30 10:34:31"",""created"":""2013-12-30 10:34:31"",""replied"":""2013-12-30 10:34:31"",""alias"":""which-smart-phone-do-you-like-the-most"",""content"":""Let's take your choice!"",""published"":1,""ordering"":null,""vote"":null,""islock"":null,""featured"":null,""isresolve"":null,""hits"":null,""user_id"":""45"",""category_id"":""3"",""parent_id"":null,""user_type"":""member"",""poster_name"":null,""poster_email"":null,""num_likes"":0,""num_negvote"":0,""sum_totalvote"":0,""params"":"""",""answered"":null,""password"":"""",""legacy"":""0"",""address"":"""",""latitude"":"""",""longitude"":"""",""content_type"":""bbcode"",""post_status"":null,""post_type"":""issue"",""ip"":""118.70.131.15"",""lockdate"":null,""isreport"":null,""_contentName"":""content"",""cat"":{""id"":""3"",""created_by"":""42"",""title"":""Life Style"",""alias"":""life-style"",""avatar"":null,""parent_id"":""0"",""private"":""2"",""created"":""2013-12-30 03:46:17"",""status"":""0"",""published"":""1"",""ordering"":""0"",""description"":"""",""params"":""{\""show_description\"":\""1\"",\""maxlength\"":\""0\"",\""maxlength_size\"":\""1000\"",\""cat_notify_custom\"":\""\"",\""cat_email_parser\"":\""\"",\""cat_email_parser_password\"":\""\"",\""cat_email_parser_switch\"":\""0\""}"",""container"":""0"",""level"":null,""lft"":""5"",""rgt"":""6"",""checked_out"":null,""default"":""0""}}"
98,45,user,discuss,1,ranks,"0",2013-12-30 10:34:31,61,"0","{""id"":""1"",""user_id"":""45"",""title"":""New Member""}"
99,44,user,users,44,login,"0",2013-12-30 10:35:18,62,"0",
100,44,user,discuss,6,likes,"0",2013-12-30 10:35:50,63,"0","{""post"":{""id"":""6"",""title"":""Which smart phone do you like the most?"",""modified"":""2013-12-30 10:34:31"",""created"":""2013-12-30 10:34:31"",""replied"":""2013-12-30 10:34:31"",""alias"":""which-smart-phone-do-you-like-the-most"",""content"":""Let's take your choice!"",""published"":""1"",""ordering"":""0"",""vote"":""0"",""islock"":""0"",""featured"":""0"",""isresolve"":""0"",""hits"":""2"",""user_id"":""45"",""category_id"":""3"",""parent_id"":""0"",""user_type"":""member"",""poster_name"":"""",""poster_email"":"""",""num_likes"":""0"",""num_negvote"":""0"",""sum_totalvote"":""0"",""params"":"""",""answered"":""0"",""password"":"""",""legacy"":""0"",""address"":"""",""latitude"":"""",""longitude"":"""",""content_type"":""bbcode"",""post_status"":""0"",""post_type"":""issue"",""ip"":""118.70.131.15"",""lockdate"":""0000-00-00 00:00:00"",""isreport"":""0""},""question"":{""id"":""6"",""title"":""Which smart phone do you like the most?"",""modified"":""2013-12-30 10:34:31"",""created"":""2013-12-30 10:34:31"",""replied"":""2013-12-30 10:34:31"",""alias"":""which-smart-phone-do-you-like-the-most"",""content"":""Let's take your choice!"",""published"":""1"",""ordering"":""0"",""vote"":""0"",""islock"":""0"",""featured"":""0"",""isresolve"":""0"",""hits"":""2"",""user_id"":""45"",""category_id"":""3"",""parent_id"":""0"",""user_type"":""member"",""poster_name"":"""",""poster_email"":"""",""num_likes"":""0"",""num_negvote"":""0"",""sum_totalvote"":""0"",""params"":"""",""answered"":""0"",""password"":"""",""legacy"":""0"",""address"":"""",""latitude"":"""",""longitude"":"""",""content_type"":""bbcode"",""post_status"":""0"",""post_type"":""issue"",""ip"":""118.70.131.15"",""lockdate"":""0000-00-00 00:00:00"",""isreport"":""0""}}"
101,44,user,discuss,6,vote,"0",2013-12-30 10:36:00,64,"0","{""id"":""6"",""title"":""Which smart phone do you like the most?"",""modified"":""2013-12-30 10:34:31"",""created"":""2013-12-30 10:34:31"",""replied"":""2013-12-30 10:34:31"",""alias"":""which-smart-phone-do-you-like-the-most"",""content"":""Let's take your choice!"",""published"":""1"",""ordering"":""0"",""vote"":""0"",""islock"":""0"",""featured"":""0"",""isresolve"":""0"",""hits"":""2"",""user_id"":""45"",""category_id"":""3"",""parent_id"":""0"",""user_type"":""member"",""poster_name"":"""",""poster_email"":"""",""num_likes"":""1"",""num_negvote"":""0"",""sum_totalvote"":""0"",""params"":"""",""answered"":""0"",""password"":"""",""legacy"":""0"",""address"":"""",""latitude"":"""",""longitude"":"""",""content_type"":""bbcode"",""post_status"":""0"",""post_type"":""issue"",""ip"":""118.70.131.15"",""lockdate"":""0000-00-00 00:00:00"",""isreport"":""0""}"
102,44,user,discuss,7,reply,"0",2013-12-30 10:36:21,65,"0","{""post"":{""id"":""7"",""title"":""Re: Which smart phone do you like the most?"",""modified"":""2013-12-30 10:36:21"",""created"":""2013-12-30 10:36:21"",""replied"":""2013-12-30 10:36:21"",""alias"":""re-which-smart-phone-do-you-like-the-most"",""content"":""I like S-pen of Samsung <3"",""published"":""1"",""ordering"":""0"",""vote"":""0"",""islock"":""0"",""featured"":""0"",""isresolve"":""0"",""hits"":""0"",""user_id"":""44"",""category_id"":""3"",""parent_id"":""6"",""user_type"":""member"",""poster_name"":"""",""poster_email"":"""",""num_likes"":""0"",""num_negvote"":""0"",""sum_totalvote"":""0"",""params"":"""",""answered"":""0"",""password"":"""",""legacy"":""0"",""address"":"""",""latitude"":"""",""longitude"":"""",""content_type"":""bbcode"",""post_status"":""0"",""post_type"":""0"",""ip"":""118.70.131.15"",""lockdate"":""0000-00-00 00:00:00"",""isreport"":""0""},""question"":{""id"":""6"",""title"":""Which smart phone do you like the most?"",""modified"":""2013-12-30 10:34:31"",""created"":""2013-12-30 10:34:31"",""replied"":""2013-12-30 10:34:31"",""alias"":""which-smart-phone-do-you-like-the-most"",""content"":""Let's take your choice!"",""published"":""1"",""ordering"":""0"",""vote"":""0"",""islock"":""0"",""featured"":""0"",""isresolve"":""0"",""hits"":""2"",""user_id"":""45"",""category_id"":""3"",""parent_id"":""0"",""user_type"":""member"",""poster_name"":"""",""poster_email"":"""",""num_likes"":""1"",""num_negvote"":""0"",""sum_totalvote"":""1"",""params"":"""",""answered"":""0"",""password"":"""",""legacy"":""0"",""address"":"""",""latitude"":"""",""longitude"":"""",""content_type"":""bbcode"",""post_status"":""0"",""post_type"":""issue"",""ip"":""118.70.131.15"",""lockdate"":""0000-00-00 00:00:00"",""isreport"":""0""}}"
103,44,user,discuss,3,vote,"0",2013-12-30 10:36:58,66,"0","{""id"":""3"",""title"":""Create a Photoshop action"",""modified"":""2013-12-30 10:23:43"",""created"":""2013-12-30 09:25:17"",""replied"":""2013-12-30 10:28:34"",""alias"":""create-a-photoshop-action"",""content"":""How can I create an action in Photoshop?"",""published"":""1"",""ordering"":""0"",""vote"":""0"",""islock"":""0"",""featured"":""1"",""isresolve"":""0"",""hits"":""4"",""user_id"":""43"",""category_id"":""4"",""parent_id"":""0"",""user_type"":""member"",""poster_name"":"""",""poster_email"":"""",""num_likes"":""2"",""num_negvote"":""0"",""sum_totalvote"":""2"",""params"":"""",""answered"":""0"",""password"":"""",""legacy"":""0"",""address"":"""",""latitude"":"""",""longitude"":"""",""content_type"":""bbcode"",""post_status"":""0"",""post_type"":""task"",""ip"":""118.70.131.15"",""lockdate"":""0000-00-00 00:00:00"",""isreport"":""0""}"
104,44,user,discuss,4,vote,"0",2013-12-30 10:37:03,67,"0","{""id"":""4"",""title"":""Re: Create a Photoshop action"",""modified"":""2013-12-30 10:12:02"",""created"":""2013-12-30 10:12:02"",""replied"":""2013-12-30 10:12:02"",""alias"":""re-create-a-photoshop-action"",""content"":""Lorem ipsum dolor sit amet, consectetur adipiscing elit. Quisque vulputate placerat arcu a facilisis. Ut ligula augue, eleifend sed nibh et, ullamcorper pellentesque quam. Fusce bibendum dapibus magna, ac tincidunt est auctor quis. Nunc a porta nisi, quis euismod justo :)"",""published"":""1"",""ordering"":""0"",""vote"":""0"",""islock"":""0"",""featured"":""0"",""isresolve"":""0"",""hits"":""0"",""user_id"":""46"",""category_id"":""4"",""parent_id"":""3"",""user_type"":""member"",""poster_name"":"""",""poster_email"":"""",""num_likes"":""0"",""num_negvote"":""0"",""sum_totalvote"":""1"",""params"":"""",""answered"":""0"",""password"":"""",""legacy"":""0"",""address"":"""",""latitude"":"""",""longitude"":"""",""content_type"":""bbcode"",""post_status"":""0"",""post_type"":""0"",""ip"":""118.70.131.15"",""lockdate"":""0000-00-00 00:00:00"",""isreport"":""0""}"
105,44,user,discuss,1,ranks,"0",2013-12-30 10:37:35,68,"0","{""id"":""1"",""user_id"":""44"",""title"":""New Member""}"
106,44,user,discuss,8,reply,"0",2013-12-30 10:37:35,69,"0","{""post"":{""id"":""8"",""title"":""Re: Create a Photoshop action"",""modified"":""2013-12-30 10:37:34"",""created"":""2013-12-30 10:37:34"",""replied"":""2013-12-30 10:37:34"",""alias"":""re-create-a-photoshop-action-2"",""content"":""In hac habitasse platea dictumst. Aenean volutpat tristique congue. Phasellus pharetra sem nisl, non sollicitudin libero fermentum ut. Nam nec lectus iaculis, commodo tortor tincidunt, consectetur dolor. In posuere eget eros a vulputate. Phasellus lobortis purus vel pharetra consectetur."",""published"":""1"",""ordering"":""0"",""vote"":""0"",""islock"":""0"",""featured"":""0"",""isresolve"":""0"",""hits"":""0"",""user_id"":""44"",""category_id"":""4"",""parent_id"":""3"",""user_type"":""member"",""poster_name"":"""",""poster_email"":"""",""num_likes"":""0"",""num_negvote"":""0"",""sum_totalvote"":""0"",""params"":"""",""answered"":""0"",""password"":"""",""legacy"":""0"",""address"":"""",""latitude"":"""",""longitude"":"""",""content_type"":""bbcode"",""post_status"":""0"",""post_type"":""0"",""ip"":""118.70.131.15"",""lockdate"":""0000-00-00 00:00:00"",""isreport"":""0""},""question"":{""id"":""3"",""title"":""Create a Photoshop action"",""modified"":""2013-12-30 10:23:43"",""created"":""2013-12-30 09:25:17"",""replied"":""2013-12-30 10:28:34"",""alias"":""create-a-photoshop-action"",""content"":""How can I create an action in Photoshop?"",""published"":""1"",""ordering"":""0"",""vote"":""0"",""islock"":""0"",""featured"":""1"",""isresolve"":""0"",""hits"":""4"",""user_id"":""43"",""category_id"":""4"",""parent_id"":""0"",""user_type"":""member"",""poster_name"":"""",""poster_email"":"""",""num_likes"":""2"",""num_negvote"":""0"",""sum_totalvote"":""3"",""params"":"""",""answered"":""0"",""password"":"""",""legacy"":""0"",""address"":"""",""latitude"":"""",""longitude"":"""",""content_type"":""bbcode"",""post_status"":""0"",""post_type"":""task"",""ip"":""118.70.131.15"",""lockdate"":""0000-00-00 00:00:00"",""isreport"":""0""}}"
107,44,user,discuss,9,create,"0",2013-12-30 10:44:46,70,"0","{""id"":9,""title"":""Is Joomla better at Shopping solution than WP?"",""modified"":""2013-12-30 10:44:46"",""created"":""2013-12-30 10:44:46"",""replied"":""2013-12-30 10:44:46"",""alias"":""is-joomla-better-at-shopping-solution-than-wp"",""content"":""Lorem ipsum dolor sit amet, consectetur adipiscing elit. Proin iaculis dui euismod laoreet vulputate. Nulla metus felis, pretium at ipsum sed, tristique malesuada enim."",""published"":1,""ordering"":null,""vote"":null,""islock"":null,""featured"":null,""isresolve"":null,""hits"":null,""user_id"":""44"",""category_id"":""2"",""parent_id"":null,""user_type"":""member"",""poster_name"":null,""poster_email"":null,""num_likes"":0,""num_negvote"":0,""sum_totalvote"":0,""params"":"""",""answered"":null,""password"":"""",""legacy"":""0"",""address"":"""",""latitude"":"""",""longitude"":"""",""content_type"":""bbcode"",""post_status"":null,""post_type"":""issue"",""ip"":""118.70.131.15"",""lockdate"":null,""isreport"":null,""_contentName"":""content"",""cat"":{""id"":""2"",""created_by"":""42"",""title"":""Joomla"",""alias"":""joomla"",""avatar"":null,""parent_id"":""0"",""private"":""2"",""created"":""2013-12-30 03:45:40"",""status"":""0"",""published"":""1"",""ordering"":""0"",""description"":"""",""params"":""{\""show_description\"":\""1\"",\""maxlength\"":\""0\"",\""maxlength_size\"":\""1000\"",\""cat_notify_custom\"":\""\"",\""cat_email_parser\"":\""\"",\""cat_email_parser_password\"":\""\"",\""cat_email_parser_switch\"":\""0\""}"",""container"":""0"",""level"":null,""lft"":""3"",""rgt"":""4"",""checked_out"":null,""default"":""0""}}"
108,44,user,discuss,1,ranks,"0",2013-12-30 10:44:46,71,"0","{""id"":""1"",""user_id"":""44"",""title"":""New Member""}"
109,44,user,discuss,2,vote,"0",2013-12-30 10:47:01,72,"0","{""id"":""2"",""title"":""Congratulations! You have successfully installed EasyDiscuss"",""modified"":""2013-12-25 11:54:19"",""created"":""2013-12-25 11:54:19"",""replied"":""2013-12-25 11:54:19"",""alias"":""congratulations-succesfully-installed-easydiscuss"",""content"":""Thank you for choosing EasyDiscuss as your preferred discussion tool for your Joomla! website. We hope you find it useful in achieving your needs."",""published"":""1"",""ordering"":""0"",""vote"":""0"",""islock"":""0"",""featured"":""0"",""isresolve"":""1"",""hits"":""1"",""user_id"":""42"",""category_id"":""1"",""parent_id"":""0"",""user_type"":""member"",""poster_name"":"""",""poster_email"":"""",""num_likes"":""0"",""num_negvote"":""0"",""sum_totalvote"":""0"",""params"":"""",""answered"":""0"",""password"":null,""legacy"":""1"",""address"":null,""latitude"":"""",""longitude"":"""",""content_type"":""bbcode"",""post_status"":""0"",""post_type"":""0"",""ip"":"""",""lockdate"":""0000-00-00 00:00:00"",""isreport"":""0""}"
110,46,user,users,46,login,"0",2013-12-30 10:56:23,73,"0",
111,46,user,discuss,5,vote,"0",2013-12-30 10:57:08,74,"0","{""id"":""5"",""title"":""Re: Create a Photoshop action"",""modified"":""2013-12-30 10:28:34"",""created"":""2013-12-30 10:28:34"",""replied"":""2013-12-30 10:28:34"",""alias"":""re-create-a-photoshop-action-1"",""content"":""[quote][b]Johny Mastermind wrote:[\/b]\r\n\r\nLorem ipsum dolor sit amet, consectetur adipiscing elit. Quisque vulputate placerat arcu a facilisis. Ut ligula augue, eleifend sed nibh et, ullamcorper pellentesque quam. Fusce bibendum dapibus magna, ac tincidunt est auctor quis. Nunc a porta nisi, quis euismod justo :)[\/quote]\r\n\r\nAliquam vitae odio metus. Maecenas ut feugiat mi. Quisque elementum facilisis enim non ullamcorper. Nullam vel convallis nulla. Proin in pharetra lacus. Integer sollicitudin, dolor at dapibus lobortis, libero turpis suscipit velit, in pulvinar dui libero pharetra quam."",""published"":""1"",""ordering"":""0"",""vote"":""0"",""islock"":""0"",""featured"":""0"",""isresolve"":""0"",""hits"":""0"",""user_id"":""45"",""category_id"":""4"",""parent_id"":""3"",""user_type"":""member"",""poster_name"":"""",""poster_email"":"""",""num_likes"":""0"",""num_negvote"":""0"",""sum_totalvote"":""0"",""params"":"""",""answered"":""0"",""password"":"""",""legacy"":""0"",""address"":"""",""latitude"":"""",""longitude"":"""",""content_type"":""bbcode"",""post_status"":""0"",""post_type"":""0"",""ip"":""118.70.131.15"",""lockdate"":""0000-00-00 00:00:00"",""isreport"":""0""}"
112,46,user,discuss,1,ranks,"0",2013-12-30 10:57:21,75,"0","{""id"":""1"",""user_id"":""46"",""title"":""New Member""}"
113,46,user,discuss,10,reply,"0",2013-12-30 10:57:21,76,"0","{""post"":{""id"":""10"",""title"":""Re: Create a Photoshop action"",""modified"":""2013-12-30 10:57:20"",""created"":""2013-12-30 10:57:20"",""replied"":""2013-12-30 10:57:20"",""alias"":""re-create-a-photoshop-action-3"",""content"":""Maecenas eu pharetra mauris. Ut orci odio, egestas vitae velit vitae, sagittis porta lectus. Etiam venenatis, libero ut tempor tempus, dui ante malesuada dui, a adipiscing eros nunc cursus massa. Pellentesque accumsan lobortis ante, tempor malesuada enim faucibus nec. Sed eget posuere tortor."",""published"":""1"",""ordering"":""0"",""vote"":""0"",""islock"":""0"",""featured"":""0"",""isresolve"":""0"",""hits"":""0"",""user_id"":""46"",""category_id"":""4"",""parent_id"":""3"",""user_type"":""member"",""poster_name"":"""",""poster_email"":"""",""num_likes"":""0"",""num_negvote"":""0"",""sum_totalvote"":""0"",""params"":"""",""answered"":""0"",""password"":"""",""legacy"":""0"",""address"":"""",""latitude"":"""",""longitude"":"""",""content_type"":""bbcode"",""post_status"":""0"",""post_type"":""0"",""ip"":""118.70.131.15"",""lockdate"":""0000-00-00 00:00:00"",""isreport"":""0""},""question"":{""id"":""3"",""title"":""Create a Photoshop action"",""modified"":""2013-12-30 10:23:43"",""created"":""2013-12-30 09:25:17"",""replied"":""2013-12-30 10:37:34"",""alias"":""create-a-photoshop-action"",""content"":""How can I create an action in Photoshop?"",""published"":""1"",""ordering"":""0"",""vote"":""0"",""islock"":""0"",""featured"":""1"",""isresolve"":""0"",""hits"":""5"",""user_id"":""43"",""category_id"":""4"",""parent_id"":""0"",""user_type"":""member"",""poster_name"":"""",""poster_email"":"""",""num_likes"":""2"",""num_negvote"":""0"",""sum_totalvote"":""3"",""params"":"""",""answered"":""0"",""password"":"""",""legacy"":""0"",""address"":"""",""latitude"":"""",""longitude"":"""",""content_type"":""bbcode"",""post_status"":""0"",""post_type"":""task"",""ip"":""118.70.131.15"",""lockdate"":""0000-00-00 00:00:00"",""isreport"":""0""}}"
114,46,user,discuss,11,create,"0",2013-12-30 11:05:48,77,"0","{""id"":11,""title"":""@media queries for iphone 5\/5S"",""modified"":""2013-12-30 11:05:48"",""created"":""2013-12-30 11:05:48"",""replied"":""2013-12-30 11:05:48"",""alias"":""media-queries-for-iphone-5-5s"",""content"":""Maecenas eu pharetra mauris. Ut orci odio, egestas vitae velit vitae, sagittis porta lectus. Etiam venenatis, libero ut tempor tempus, dui ante malesuada dui, a adipiscing eros nunc cursus massa. Pellentesque accumsan lobortis ante, tempor malesuada enim faucibus nec. Sed eget posuere tortor"",""published"":1,""ordering"":null,""vote"":null,""islock"":null,""featured"":null,""isresolve"":null,""hits"":null,""user_id"":""46"",""category_id"":""1"",""parent_id"":null,""user_type"":""member"",""poster_name"":null,""poster_email"":null,""num_likes"":0,""num_negvote"":0,""sum_totalvote"":0,""params"":"""",""answered"":null,""password"":"""",""legacy"":""0"",""address"":"""",""latitude"":"""",""longitude"":"""",""content_type"":""bbcode"",""post_status"":null,""post_type"":""task"",""ip"":""118.70.131.15"",""lockdate"":null,""isreport"":null,""_contentName"":""content"",""cat"":{""id"":""1"",""created_by"":""42"",""title"":""HTML \/ CSS"",""alias"":""html-css"",""avatar"":null,""parent_id"":""0"",""private"":""2"",""created"":""2013-12-25 11:54:19"",""status"":""0"",""published"":""1"",""ordering"":""0"",""description"":"""",""params"":""{\""show_description\"":\""1\"",\""maxlength\"":\""0\"",\""maxlength_size\"":\""1000\"",\""cat_notify_custom\"":\""\"",\""cat_email_parser\"":\""\"",\""cat_email_parser_password\"":\""\"",\""cat_email_parser_switch\"":\""0\""}"",""container"":""0"",""level"":""0"",""lft"":""1"",""rgt"":""2"",""checked_out"":null,""default"":""1""}}"
115,46,user,discuss,1,ranks,"0",2013-12-30 11:05:49,78,"0","{""id"":""1"",""user_id"":""46"",""title"":""New Member""}"
116,46,user,discuss,6,vote,"0",2013-12-30 11:06:17,79,"0","{""id"":""6"",""title"":""Which smart phone do you like the most?"",""modified"":""2013-12-30 10:34:31"",""created"":""2013-12-30 10:34:31"",""replied"":""2013-12-30 10:36:21"",""alias"":""which-smart-phone-do-you-like-the-most"",""content"":""Let's take your choice!"",""published"":""1"",""ordering"":""0"",""vote"":""0"",""islock"":""0"",""featured"":""0"",""isresolve"":""0"",""hits"":""3"",""user_id"":""45"",""category_id"":""3"",""parent_id"":""0"",""user_type"":""member"",""poster_name"":"""",""poster_email"":"""",""num_likes"":""1"",""num_negvote"":""0"",""sum_totalvote"":""1"",""params"":"""",""answered"":""0"",""password"":"""",""legacy"":""0"",""address"":"""",""latitude"":"""",""longitude"":"""",""content_type"":""bbcode"",""post_status"":""0"",""post_type"":""issue"",""ip"":""118.70.131.15"",""lockdate"":""0000-00-00 00:00:00"",""isreport"":""0""}"
117,46,user,discuss,1,ranks,"0",2013-12-30 11:06:38,80,"0","{""id"":""1"",""user_id"":""46"",""title"":""New Member""}"
118,46,user,discuss,12,reply,"0",2013-12-30 11:06:38,81,"0","{""post"":{""id"":""12"",""title"":""Re: Which smart phone do you like the most?"",""modified"":""2013-12-30 11:06:37"",""created"":""2013-12-30 11:06:37"",""replied"":""2013-12-30 11:06:37"",""alias"":""re-which-smart-phone-do-you-like-the-most-1"",""content"":""Aliquam vitae odio metus. Maecenas ut feugiat mi. Quisque elementum facilisis enim non ullamcorper. Nullam vel convallis nulla. Proin in pharetra lacus. Integer sollicitudin, dolor at dapibus lobortis, libero turpis suscipit velit, in pulvinar dui libero pharetra quam. Aliquam et lectus adipiscing, malesuada odio rutrum, dapibus magna. Integer et eros ut magna luctus tincidunt. Aenean ut placerat risus."",""published"":""1"",""ordering"":""0"",""vote"":""0"",""islock"":""0"",""featured"":""0"",""isresolve"":""0"",""hits"":""0"",""user_id"":""46"",""category_id"":""3"",""parent_id"":""6"",""user_type"":""member"",""poster_name"":"""",""poster_email"":"""",""num_likes"":""0"",""num_negvote"":""0"",""sum_totalvote"":""0"",""params"":"""",""answered"":""0"",""password"":"""",""legacy"":""0"",""address"":"""",""latitude"":"""",""longitude"":"""",""content_type"":""bbcode"",""post_status"":""0"",""post_type"":""0"",""ip"":""118.70.131.15"",""lockdate"":""0000-00-00 00:00:00"",""isreport"":""0""},""question"":{""id"":""6"",""title"":""Which smart phone do you like the most?"",""modified"":""2013-12-30 10:34:31"",""created"":""2013-12-30 10:34:31"",""replied"":""2013-12-30 10:36:21"",""alias"":""which-smart-phone-do-you-like-the-most"",""content"":""Let's take your choice!"",""published"":""1"",""ordering"":""0"",""vote"":""0"",""islock"":""0"",""featured"":""0"",""isresolve"":""0"",""hits"":""3"",""user_id"":""45"",""category_id"":""3"",""parent_id"":""0"",""user_type"":""member"",""poster_name"":"""",""poster_email"":"""",""num_likes"":""1"",""num_negvote"":""0"",""sum_totalvote"":""2"",""params"":"""",""answered"":""0"",""password"":"""",""legacy"":""0"",""address"":"""",""latitude"":"""",""longitude"":"""",""content_type"":""bbcode"",""post_status"":""0"",""post_type"":""issue"",""ip"":""118.70.131.15"",""lockdate"":""0000-00-00 00:00:00"",""isreport"":""0""}}"
119,46,user,discuss,7,vote,"0",2013-12-30 11:06:42,82,"0","{""id"":""7"",""title"":""Re: Which smart phone do you like the most?"",""modified"":""2013-12-30 10:36:21"",""created"":""2013-12-30 10:36:21"",""replied"":""2013-12-30 10:36:21"",""alias"":""re-which-smart-phone-do-you-like-the-most"",""content"":""I like S-pen of Samsung <3"",""published"":""1"",""ordering"":""0"",""vote"":""0"",""islock"":""0"",""featured"":""0"",""isresolve"":""0"",""hits"":""0"",""user_id"":""44"",""category_id"":""3"",""parent_id"":""6"",""user_type"":""member"",""poster_name"":"""",""poster_email"":"""",""num_likes"":""0"",""num_negvote"":""0"",""sum_totalvote"":""0"",""params"":"""",""answered"":""0"",""password"":"""",""legacy"":""0"",""address"":"""",""latitude"":"""",""longitude"":"""",""content_type"":""bbcode"",""post_status"":""0"",""post_type"":""0"",""ip"":""118.70.131.15"",""lockdate"":""0000-00-00 00:00:00"",""isreport"":""0""}"
120,42,user,users,42,login,"0",2013-12-31 08:14:20,83,"0",
121,42,user,users,42,login,"0",2014-01-11 04:36:42,84,"0",
122,45,user,users,45,login,"0",2014-01-11 05:02:44,85,"0",
