1,44,"",user,2013-12-27 05:02:31,2013-12-27 05:02:31,"<a href=""/demo/joomla-templates/jsn_blank/j25/pro/index.php?option=com_easysocial&amp;view=profile&amp;id=44:admin2&amp;Itemid=1395"">admin2</a> just logged in to the site.",,users,mini,"0","0","0","",1,
2,44,"",user,2013-12-27 07:35:19,2013-12-27 07:35:19,,,photos,full,"0","0","0","",1,
3,44,"",user,2013-12-27 07:35:20,2013-12-27 07:35:20,,,profiles,mini,"0","0","0","",1,
4,45,"",user,2013-12-27 07:55:29,2013-12-27 07:55:29,"<a href=""/demo/joomla-templates/jsn_blank/j25/pro/index.php?option=com_easysocial&amp;view=profile&amp;id=45:admin1&amp;Itemid=1395"">admin1</a> just logged in to the site.",,users,mini,"0","0","0","",1,
5,45,"",user,2013-12-27 07:59:45,2013-12-27 07:59:45,,,photos,full,"0","0","0","",1,
6,45,"",user,2013-12-27 07:59:45,2013-12-27 07:59:45,,,profiles,mini,"0","0","0","",1,
7,44,"",user,2013-12-27 08:01:03,2013-12-27 08:01:03,"<a href=""/demo/joomla-templates/jsn_blank/j25/pro/index.php?option=com_easysocial&amp;view=profile&amp;id=44:admin2&amp;Itemid=1395"">admin2</a> just logged in to the site.",,users,mini,"0","0","0","",1,
8,44,"",user,2013-12-27 08:01:33,2013-12-27 08:01:33,,,profiles,mini,"0","0","0","",1,
9,46,"",user,2013-12-27 08:02:01,2013-12-27 08:02:01,"<a href=""/demo/joomla-templates/jsn_blank/j25/pro/index.php?option=com_easysocial&amp;view=profile&amp;id=46:admin3&amp;Itemid=1395"">admin3</a> just logged in to the site.",,users,mini,"0","0","0","",1,
10,46,"",user,2013-12-27 08:05:17,2013-12-27 08:05:17,,,photos,full,"0","0","0","",1,
11,46,"",user,2013-12-27 08:05:18,2013-12-27 08:05:18,,,profiles,mini,"0","0","0","",1,
12,46,"",user,2013-12-27 08:39:26,2013-12-27 08:39:26,"<a href=""/demo/joomla-templates/jsn_blank/j25/pro/index.php?option=com_easysocial&amp;view=profile&amp;id=46:admin3&amp;Itemid=1395"">Johny Mastermind</a> just logged in to the site.",,users,mini,"0","0","0","",1,
13,46,"",user,2013-12-27 08:40:43,2013-12-27 08:40:43,"<a href=""/demo/joomla-templates/jsn_blank/j25/pro/index.php?option=com_easysocial&amp;view=profile&amp;id=46:admin3&amp;Itemid=1395"">Johny Mastermind</a> just logged in to the site.",,users,mini,"0","0","0","","0",
14,45,"",user,2013-12-27 08:48:12,2013-12-27 08:48:12,"<a href=""/demo/joomla-templates/jsn_blank/j25/pro/index.php?option=com_easysocial&amp;view=profile&amp;id=45:admin1&amp;Itemid=1395"">Matt Dommer</a> just logged in to the site.",,users,mini,"0","0","0","",1,
15,44,"",user,2013-12-27 08:49:02,2013-12-27 08:49:02,"<a href=""/demo/joomla-templates/jsn_blank/j25/pro/index.php?option=com_easysocial&amp;view=profile&amp;id=44:admin2&amp;Itemid=1395"">Lucie lane</a> just logged in to the site.",,users,mini,"0","0","0","",1,
16,43,"",user,2013-12-27 08:52:15,2013-12-27 08:52:15,"<a href=""/demo/joomla-templates/jsn_blank/j25/pro/index.php?option=com_easysocial&amp;view=profile&amp;id=43:democontent&amp;Itemid=1395"">Laura Andersons</a> just logged in to the site.",,users,mini,"0","0","0","",1,
17,43,"",user,2013-12-27 09:02:01,2013-12-27 09:02:01,,,photos,full,"0","0","0","",1,
18,43,"",user,2013-12-27 09:02:02,2013-12-27 09:02:02,,,profiles,mini,"0","0","0","",1,
19,45,"",user,2013-12-27 09:06:44,2013-12-27 09:06:44,"<a href=""/demo/joomla-templates/jsn_blank/j25/pro/index.php?option=com_easysocial&amp;view=profile&amp;id=45:admin1&amp;Itemid=1395"">Matt Dommer</a> just logged in to the site.",,users,mini,"0","0","0","",1,
20,42,"",user,2013-12-27 09:13:31,2013-12-27 09:13:31,,,photos,full,"0","0","0","","0",
21,43,"",user,2013-12-27 09:14:52,2013-12-27 09:14:52,,,friends,,"0",45,"0","",1,
22,43,"",user,2013-12-27 09:29:18,2013-12-27 09:29:18,"<a href=""/demo/joomla-templates/jsn_blank/j25/pro/index.php?option=com_easysocial&amp;view=profile&amp;id=43:democontent&amp;Itemid=1395"">Laura Andersons</a> just logged in to the site.",,users,mini,"0","0","0","",1,
23,43,"",user,2013-12-27 09:43:21,2013-12-27 09:45:39,,,photos,full,"0",6,"0","",1,
24,42,"",user,2013-12-27 09:53:46,2013-12-27 09:53:46,,Office Design of the Future for Autodesk,links,,"0","0","0","",1,
25,42,"",user,2013-12-27 09:55:35,2013-12-27 09:55:38,,,photos,full,"0",7,"0","",1,
26,42,"",user,2013-12-27 09:56:53,2013-12-27 09:56:53,,"Hi Lucie, what's about this Friday night?",story,,"0",44,"0","",1,
27,42,"",user,2013-12-27 09:58:46,2013-12-27 09:58:46,,,followers,,"0","0","0","",1,
28,44,"",user,2013-12-27 09:59:12,2013-12-27 09:59:12,"<a href=""/demo/joomla-templates/jsn_blank/j25/pro/index.php?option=com_easysocial&amp;view=profile&amp;id=44:admin2&amp;Itemid=1395"">Lucie lane</a> just logged in to the site.",,users,mini,"0","0","0","",1,
29,43,"",user,2013-12-27 09:59:22,2013-12-27 09:59:22,,,friends,,"0",44,"0","",1,
30,42,"",user,2013-12-27 09:59:24,2013-12-27 09:59:24,,,friends,,"0",44,"0","",1,
31,44,"",user,2013-12-27 10:00:26,2013-12-27 10:00:26,,,followers,,"0","0","0","",1,
32,44,"",user,2013-12-27 10:01:33,2013-12-27 10:01:33,,,profiles,mini,"0","0","0","",1,
33,44,"",user,2013-12-27 10:16:04,2013-12-27 10:16:04,,,followers,,"0","0","0","",1,
34,44,"",user,2013-12-27 10:16:55,2013-12-27 10:16:55,,Congratulation Matt!,story,,"0",45,"0","",1,
35,46,"",user,2013-12-27 10:20:53,2013-12-27 10:20:53,"<a href=""/demo/joomla-templates/jsn_blank/j25/pro/index.php?option=com_easysocial&amp;view=profile&amp;id=46:admin3&amp;Itemid=1395"">Johny Mastermind</a> just logged in to the site.",,users,mini,"0","0","0","","0",
36,46,"",user,2013-12-27 10:30:49,2013-12-27 10:30:49,,,apps,mini,"0","0","0","","0",
37,46,"",user,2013-12-27 10:34:27,2013-12-27 10:34:27,,,photos,full,"0",10,"0","","0",
38,46,"",user,2013-12-27 10:36:07,2013-12-27 10:36:07,,,followers,,"0","0","0","","0",
39,46,"",user,2013-12-27 10:36:44,2013-12-27 10:36:44,,,profiles,mini,"0","0","0","","0",
40,43,"",user,2013-12-27 10:37:36,2013-12-27 10:37:36,,,friends,,"0",46,"0","",1,
41,43,"",user,2013-12-27 10:41:17,2013-12-27 10:41:17,"<a href=""/demo/joomla-templates/jsn_blank/j25/pro/index.php?option=com_easysocial&amp;view=profile&amp;id=43:democontent&amp;Itemid=1395"">Laura Andersons</a> just logged in to the site.",,users,mini,"0","0","0","",1,
42,45,"",user,2013-12-27 10:45:01,2013-12-27 10:45:01,"<a href=""/demo/joomla-templates/jsn_blank/j25/pro/index.php?option=com_easysocial&amp;view=profile&amp;id=45:admin1&amp;Itemid=1395"">Matt Dommer</a> just logged in to the site.",,users,mini,"0","0","0","","0",
43,45,"",user,2013-12-27 10:45:39,2013-12-27 10:45:39,,,profiles,mini,"0","0","0","","0",
44,43,"",user,2013-12-27 10:47:19,2013-12-27 10:47:19,"<a href=""/demo/joomla-templates/jsn_blank/j25/pro/index.php?option=com_easysocial&amp;view=profile&amp;id=43:democontent&amp;Itemid=1395"">Laura Andersons</a> just logged in to the site.",,users,mini,"0","0","0","",1,
45,43,"",user,2013-12-27 10:48:03,2013-12-27 10:48:03,,,profiles,mini,"0","0","0","",1,
46,43,"",user,2013-12-30 03:50:03,2013-12-30 03:50:03,"<a href=""/demo/joomla-templates/jsn_blank/j25/pro/index.php?option=com_easysocial&amp;view=profile&amp;id=43:democontent&amp;Itemid=1395"">Laura Andersons</a> just logged in to the site.",,users,mini,"0","0","0","",1,
47,43,"",user,2013-12-30 09:25:18,2013-12-30 09:25:18,,How can I create an action in Photoshop?,discuss,,"0","0","0","","0",
48,42,"",user,2013-12-30 09:39:02,2013-12-30 09:39:02,"<a href=""/demo/joomla-templates/jsn_blank/j25/pro/index.php?option=com_easysocial&amp;view=profile&amp;id=42:demoadmin&amp;Itemid=1395"">EasyAdmin</a> just logged in to the site.",,users,mini,"0","0","0","",1,
49,45,"",user,2013-12-30 09:40:36,2013-12-30 09:40:36,"<a href=""/demo/joomla-templates/jsn_blank/j25/pro/index.php?option=com_easysocial&amp;view=profile&amp;id=45:admin1&amp;Itemid=1395"">Matt Dommer</a> just logged in to the site.",,users,mini,"0","0","0","","0",
50,44,"",user,2013-12-30 09:54:14,2013-12-30 09:54:14,"<a href=""/demo/joomla-templates/jsn_blank/j25/pro/index.php?option=com_easysocial&amp;view=profile&amp;id=44:admin2&amp;Itemid=1395"">Lucie lane</a> just logged in to the site.",,users,mini,"0","0","0","",1,
51,46,"",user,2013-12-30 10:01:41,2013-12-30 10:01:41,"<a href=""/demo/joomla-templates/jsn_blank/j25/pro/index.php?option=com_easysocial&amp;view=profile&amp;id=46:admin3&amp;Itemid=1395"">Johny Mastermind</a> just logged in to the site.",,users,mini,"0","0","0","","0",
52,46,"",user,2013-12-30 10:12:03,2013-12-30 10:12:03,,"Lorem ipsum dolor sit amet, consectetur adipiscing elit. Quisque vulputate placerat arcu a facilisis. Ut ligula augue, eleifend sed nibh et, ullamcorper pellentesque quam. Fusce bibendum dapibus magna, ac tincidunt est auctor quis. Nunc a porta nisi, quis euismod justo :)",discuss,,"0","0","0","","0",
53,46,"",user,2013-12-30 10:12:28,2013-12-30 10:12:28,,How can I create an action in Photoshop?,discuss,,"0","0","0","","0",
54,46,"",user,2013-12-30 10:12:36,2013-12-30 10:12:36,,Create a Photoshop action,discuss,,"0","0","0","","0",
55,45,"",user,2013-12-30 10:22:45,2013-12-30 10:22:45,"<a href=""/demo/joomla-templates/jsn_blank/j25/pro/index.php?option=com_easysocial&amp;view=profile&amp;id=45:admin1&amp;Itemid=1395"">Matt Dommer</a> just logged in to the site.",,users,mini,"0","0","0","","0",
56,45,"",user,2013-12-30 10:26:52,2013-12-30 10:26:52,,Create a Photoshop action,discuss,,"0","0","0","","0",
57,45,"",user,2013-12-30 10:26:57,2013-12-30 10:26:57,,Re: Create a Photoshop action,discuss,,"0","0","0","","0",
58,45,"",user,2013-12-30 10:27:00,2013-12-30 10:27:00,,How can I create an action in Photoshop?,discuss,,"0","0","0","","0",
59,45,"",user,2013-12-30 10:28:35,2013-12-30 10:28:35,,"[quote][b]Johny Mastermind wrote:[/b]

Lorem ipsum dolor sit amet, consectetur adipiscing elit. Quisque vulputate placerat arcu a facilisis. Ut ligula augue, eleifend sed nibh et, ullamcorper pellentesque quam. Fusce bibendum dapibus magna, ac tincidunt est auctor quis. Nunc a porta nisi, quis euismod justo :)[/quote]

Aliquam vitae odio metus. Maecenas ut feugiat mi. Quisque elementum facilisis enim non ullamcorper. Nullam vel convallis nulla. Proin in pharetra lacus. Integer sollicitudin, dolor at dapibus lobortis, libero turpis suscipit velit, in pulvinar dui libero pharetra quam.",discuss,,"0","0","0","","0",
60,45,"",user,2013-12-30 10:34:31,2013-12-30 10:34:31,,Let's take your choice!,discuss,,"0","0","0","","0",
61,45,"",user,2013-12-30 10:34:31,2013-12-30 10:34:31,,New Member,discuss,,"0","0","0","","0",
62,44,"",user,2013-12-30 10:35:18,2013-12-30 10:35:18,"<a href=""/demo/joomla-templates/jsn_blank/j25/pro/index.php?option=com_easysocial&amp;view=profile&amp;id=44:admin2&amp;Itemid=1395"">Lucie lane</a> just logged in to the site.",,users,mini,"0","0","0","",1,
63,44,"",user,2013-12-30 10:35:50,2013-12-30 10:35:50,,Let's take your choice!,discuss,,"0","0","0","","0",
64,44,"",user,2013-12-30 10:36:00,2013-12-30 10:36:00,,Which smart phone do you like the most?,discuss,,"0","0","0","","0",
65,44,"",user,2013-12-30 10:36:21,2013-12-30 10:36:21,,I like S-pen of Samsung <3,discuss,,"0","0","0","","0",
66,44,"",user,2013-12-30 10:36:58,2013-12-30 10:36:58,,Create a Photoshop action,discuss,,"0","0","0","","0",
67,44,"",user,2013-12-30 10:37:03,2013-12-30 10:37:03,,Re: Create a Photoshop action,discuss,,"0","0","0","","0",
68,44,"",user,2013-12-30 10:37:35,2013-12-30 10:37:35,,New Member,discuss,,"0","0","0","","0",
69,44,"",user,2013-12-30 10:37:35,2013-12-30 10:37:35,,"In hac habitasse platea dictumst. Aenean volutpat tristique congue. Phasellus pharetra sem nisl, non sollicitudin libero fermentum ut. Nam nec lectus iaculis, commodo tortor tincidunt, consectetur dolor. In posuere eget eros a vulputate. Phasellus lobortis purus vel pharetra consectetur.",discuss,,"0","0","0","","0",
70,44,"",user,2013-12-30 10:44:46,2013-12-30 10:44:46,,"Lorem ipsum dolor sit amet, consectetur adipiscing elit. Proin iaculis dui euismod laoreet vulputate. Nulla metus felis, pretium at ipsum sed, tristique malesuada enim.",discuss,,"0","0","0","","0",
71,44,"",user,2013-12-30 10:44:46,2013-12-30 10:44:46,,New Member,discuss,,"0","0","0","","0",
72,44,"",user,2013-12-30 10:47:01,2013-12-30 10:47:01,,Congratulations! You have successfully installed EasyDiscuss,discuss,,"0","0","0","","0",
73,46,"",user,2013-12-30 10:56:23,2013-12-30 10:56:23,"<a href=""/demo/joomla-templates/jsn_blank/j25/pro/index.php?option=com_easysocial&amp;view=profile&amp;id=46:admin3&amp;Itemid=1395"">Johny Mastermind</a> just logged in to the site.",,users,mini,"0","0","0","","0",
74,46,"",user,2013-12-30 10:57:08,2013-12-30 10:57:08,,Re: Create a Photoshop action,discuss,,"0","0","0","","0",
75,46,"",user,2013-12-30 10:57:21,2013-12-30 10:57:21,,New Member,discuss,,"0","0","0","","0",
76,46,"",user,2013-12-30 10:57:21,2013-12-30 10:57:21,,"Maecenas eu pharetra mauris. Ut orci odio, egestas vitae velit vitae, sagittis porta lectus. Etiam venenatis, libero ut tempor tempus, dui ante malesuada dui, a adipiscing eros nunc cursus massa. Pellentesque accumsan lobortis ante, tempor malesuada enim faucibus nec. Sed eget posuere tortor.",discuss,,"0","0","0","","0",
77,46,"",user,2013-12-30 11:05:48,2013-12-30 11:05:48,,"Maecenas eu pharetra mauris. Ut orci odio, egestas vitae velit vitae, sagittis porta lectus. Etiam venenatis, libero ut tempor tempus, dui ante malesuada dui, a adipiscing eros nunc cursus massa. Pellentesque accumsan lobortis ante, tempor malesuada enim faucibus nec. Sed eget posuere tortor",discuss,,"0","0","0","","0",
78,46,"",user,2013-12-30 11:05:49,2013-12-30 11:05:49,,New Member,discuss,,"0","0","0","","0",
79,46,"",user,2013-12-30 11:06:17,2013-12-30 11:06:17,,Which smart phone do you like the most?,discuss,,"0","0","0","","0",
80,46,"",user,2013-12-30 11:06:38,2013-12-30 11:06:38,,New Member,discuss,,"0","0","0","","0",
81,46,"",user,2013-12-30 11:06:38,2013-12-30 11:06:38,,"Aliquam vitae odio metus. Maecenas ut feugiat mi. Quisque elementum facilisis enim non ullamcorper. Nullam vel convallis nulla. Proin in pharetra lacus. Integer sollicitudin, dolor at dapibus lobortis, libero turpis suscipit velit, in pulvinar dui libero pharetra quam. Aliquam et lectus adipiscing, malesuada odio rutrum, dapibus magna. Integer et eros ut magna luctus tincidunt. Aenean ut placerat risus.",discuss,,"0","0","0","","0",
82,46,"",user,2013-12-30 11:06:42,2013-12-30 11:06:42,,Re: Which smart phone do you like the most?,discuss,,"0","0","0","","0",
83,42,"",user,2013-12-31 08:14:20,2013-12-31 08:14:20,"<a href=""/demo/joomla-templates/jsn_blank/j25/pro/index.php?option=com_easysocial&amp;view=profile&amp;id=42:demoadmin&amp;Itemid=1395"">EasyAdmin</a> just logged in to the site.",,users,mini,"0","0","0","",1,
84,42,"",user,2014-01-11 04:36:42,2014-01-11 04:36:42,"<a href=""/demo/joomla-templates/jsn_blank/j25/pro/index.php?option=com_easysocial&amp;view=profile&amp;id=42:demoadmin&amp;Itemid=1395"">EasyAdmin</a> just logged in to the site.",,users,mini,"0","0","0","",1,
85,45,"",user,2014-01-11 05:02:44,2014-01-11 05:02:44,"<a href=""/demo/joomla-templates/jsn_blank/j25/pro/index.php?option=com_easysocial&amp;view=profile&amp;id=45:admin1&amp;Itemid=1395"">Matt Dommer</a> just logged in to the site.",,users,mini,"0","0","0","","0",
