1,1,44,user,Avatar Photos,Photos that are uploaded for the profile avatar.,2013-12-27 07:35:19,"0000-00-00 00:00:00",2,null,1
2,2,45,user,Avatar Photos,Photos that are uploaded for the profile avatar.,2013-12-27 07:59:44,"0000-00-00 00:00:00",2,null,1
3,3,46,user,Avatar Photos,Photos that are uploaded for the profile avatar.,2013-12-27 08:05:17,"0000-00-00 00:00:00",2,null,1
4,4,43,user,Avatar Photos,Photos that are uploaded for the profile avatar.,2013-12-27 09:02:01,"0000-00-00 00:00:00",2,null,1
5,5,42,user,Avatar Photos,Photos that are uploaded for the profile avatar.,2013-12-27 09:13:31,"0000-00-00 00:00:00",2,null,1
6,6,43,user,New York City ,"",2013-12-27 09:41:35,2013-12-27 00:00:00,6,{},"0"
7,14,42,user,Workplace Design,"",2013-12-27 09:55:11,2013-12-27 00:00:00,7,{},"0"
8,"0","0",user,Cover Photos,Photos that are uploaded for profile cover.,2013-12-27 10:01:33,"0000-00-00 00:00:00",1,null,2
9,22,44,user,Life Style,"",2013-12-27 10:02:36,2013-12-27 00:00:00,4,{},"0"
10,31,46,user,They wear sunshine,"",2013-12-27 10:33:59,2013-12-27 00:00:00,5,{},"0"
11,"0","0",user,Cover Photos,Photos that are uploaded for profile cover.,2013-12-27 10:36:44,"0000-00-00 00:00:00",2,null,2
12,"0","0",user,Cover Photos,Photos that are uploaded for profile cover.,2013-12-27 10:45:39,"0000-00-00 00:00:00",3,null,2
13,"0","0",user,Cover Photos,Photos that are uploaded for profile cover.,2013-12-27 10:48:03,"0000-00-00 00:00:00",4,null,2
