1,2,46,12,activity,"0"
2,2,46,11,activity,"0"
3,2,46,3,photos,"0"
4,2,46,9,activity,"0"
5,2,45,14,activity,"0"
6,2,45,2,photos,"0"
7,2,45,6,activity,"0"
8,2,45,4,activity,"0"
9,2,44,15,activity,"0"
10,2,44,8,activity,"0"
11,2,44,7,activity,"0"
12,2,44,3,activity,"0"
13,2,44,1,photos,"0"
14,2,44,1,activity,"0"
15,2,43,16,activity,"0"
16,2,43,18,activity,"0"
17,2,43,4,photos,"0"
18,2,45,19,activity,"0"
19,1,43,6,albums,"0"
20,13,42,24,links,"0"
21,1,42,7,albums,"0"
22,13,42,26,story,"0"
23,1,44,9,albums,"0"
24,13,44,34,story,"0"
25,1,46,10,albums,10
